


INSERT INTO workoutplan VALUES('Low Rep',1,'Mass Gain',85,100,'Major English','Bench Press');
INSERT INTO workoutplan VALUES('HIIT',2,'Lean Mass Gain',100,25,'Konnor Oliver','TRX Bands');
INSERT INTO workoutplan VALUES('High Rep',1,'Stamina',60,180,'Imani Avery','Cleaning Mat');
INSERT INTO workoutplan VALUES('Cardio',1,'Weight Loss',85,30,'Aminah Terry','Track');
INSERT INTO workoutplan VALUES('Olympic Lifting',1,'Mass Gain',100,30,'Landry Finch','Cleaning Mat');
INSERT INTO workoutplan VALUES('Power Lifting',1,'Mass Gain',85,120,'Enrique Ryan','Power Cage');

INSERT INTO supplementplan VALUES('Fat Burner',2,0,100,5);
INSERT INTO supplementplan VALUES('Protein Heavy',3,150,0,0);
INSERT INTO supplementplan VALUES('Energy Blend',3,25,100,2);
INSERT INTO supplementplan VALUES('Endurance',1,15,0,0);
INSERT INTO supplementplan VALUES('NCAA Approved',4,50,75,0);


INSERT INTO dailymealplan VALUES('Calorie Max',3750,215,160,6);
INSERT INTO dailymealplan VALUES('Clean Calories',2400,125,75,4);
INSERT INTO dailymealplan VALUES('Pilgrims Diet',2000,75,35,6);
INSERT INTO dailymealplan VALUES('Calorie Cut',1600,25,75,4);
INSERT INTO dailymealplan VALUES('Lotsa Pasta',2800,115,250,3);

INSERT INTO wellnessplan VALUES('Winter Dirty Bulk','Mass Gain','Low Rep','Protein Heavy','Calorie Max');
INSERT INTO wellnessplan VALUES('Beach Season Cut','Fat Loss','High Rep','Fat Burner','Clean Calories');
INSERT INTO wellnessplan VALUES('Fighting Fit','Lean Mass Gain','HIIT','NCAA Approved','Pilgrims Diet');
INSERT INTO wellnessplan VALUES('New Year, New Me','Weight Loss','Cardio','Energy Blend','Calorie Cut');
INSERT INTO wellnessplan VALUES('Marathon Mode','Stamina','Cardio','Endurance','Lotsa Pasta');

INSERT INTO EXERCISE VALUES ('	Dumbbell Bench Press','	Chest','Lay Down, Push Bar Away from you','	Dumbbell','	Strength');
INSERT INTO EXERCISE VALUES ('	Pushups','	Chest','Lay on your chest.','	Body Only','	Strength');
INSERT INTO EXERCISE VALUES ('	Dumbbell Flyes','	Chest','Pretend youre hugging a barrel','	Dumbbell','	Strength');
INSERT INTO EXERCISE VALUES ('	Incline Dumbbell Press','	Chest','Push away from chest ','	Dumbbell','	Strength');
INSERT INTO EXERCISE VALUES ('	Low Cable Crossover','	Chest','Hug a barrel','	Cable','	Strength');
INSERT INTO EXERCISE VALUES ('	Decline Dumbbell Flyes','	Chest','hug a barrel','	Dumbbell','	Strength');
INSERT INTO EXERCISE VALUES ('	Dips - Chest Version','	Chest','dip','	Other','	Strength');
INSERT INTO EXERCISE VALUES ('	Barbell Bench Press - Medium Grip','	Chest','push bar away from you','	Barbell','	Strength');
INSERT INTO EXERCISE VALUES ('	Bodyweight Flyes','	Chest','hug a barrell','	E-Z Curl Bar','	Strength');



insert into workout values ('Hamstrings',130,7,'Enrique Ryan','Olympic Lifting');
insert into workout values ('Triceps',56,5,'Aminah Terry','Cardio');
insert into workout values ('Calves',113,15,'Enrique Ryan','Cardio');
insert into workout values ('Glutes',177,8,'Aminah Terry','High Rep');
insert into workout values ('Forearms',114,17,'Jalen Hyde','Cardio');
insert into workout values ('Biceps',84,11,'Major English','HITT');
insert into workout values ('Glutes',132,11,'Byron Sanford','High Rep');
insert into workout values ('Hamstrings',112,17,'Dario Guy','Cardio');
insert into workout values ('Abdominals',162,16,'Landry Finch','Low Rep');
insert into workout values ('Forearms',104,5,'Jalen Hyde','Olympic Lifting');
insert into workout values ('Quadriceps',51,13,'Jalen Hyde','High Rep');
insert into workout values ('Traps',120,20,'Enrique Ryan','Olympic Lifting');
insert into workout values ('Neck',98,4,'Jalen Hyde','HITT');
insert into workout values ('Hamstrings',167,4,'Major English','High Rep');
insert into workout values ('Neck',134,12,'Emerie Guy','HITT');
insert into workout values ('Shoulders',171,4,'Jimmy Tucker','High Rep');
insert into workout values ('Chest',166,11,'Aminah Terry','Olympic Lifting');
insert into workout values ('Neck',130,8,'Byron Sanford','Cardio');
insert into workout values ('Glutes',44,12,'Layne Hoover','Low Rep');
insert into workout values ('Lats',123,13,'Imani Avery','HITT');
insert into workout values ('Quadriceps',26,19,'Zechariah Bradshaw','Power Lifting');
insert into workout values ('Glutes',164,16,'Enrique Ryan','Low Rep');
insert into workout values ('Triceps',156,11,'Enrique Ryan','Low Rep');
insert into workout values ('Chest',119,6,'Aminah Terry','Cardio');
insert into workout values ('Forearms',71,4,'Emerie Guy','Low Rep');
insert into workout values ('Middle Back',164,20,'Enrique Ryan','High Rep');
insert into workout values ('Calves',93,13,'Landry Finch','HITT');
insert into workout values ('Glutes',124,5,'Layne Hoover','Olympic Lifting');
insert into workout values ('Hamstrings',44,18,'Emerie Guy','Low Rep');
insert into workout values ('Biceps',68,17,'Jalen Hyde','HITT');
insert into workout values ('Shoulders',158,13,'Jalen Hyde','Cardio');

INSERT INTO SUPPLEMENTPLAN_HAS_SUPPLEMENT VALUES ('Protein Heavy','Gold Standard 100% Whey');
INSERT INTO SUPPLEMENTPLAN_HAS_SUPPLEMENT VALUES ('Energy Blend','BCAA Energy');
INSERT INTO SUPPLEMENTPLAN_HAS_SUPPLEMENT VALUES ('Energy Blend','Essential AmiN.O. Energy');
INSERT INTO SUPPLEMENTPLAN_HAS_SUPPLEMENT VALUES ('Energy Blend','Pre JYM');
INSERT INTO SUPPLEMENTPLAN_HAS_SUPPLEMENT VALUES ('Protein Heavy','Syntha-6');
INSERT INTO SUPPLEMENTPLAN_HAS_SUPPLEMENT VALUES ('Energy Blend','Pro JYM');
INSERT INTO SUPPLEMENTPLAN_HAS_SUPPLEMENT VALUES ('Energy Blend','BCAA 5000');
INSERT INTO SUPPLEMENTPLAN_HAS_SUPPLEMENT VALUES ('Fat Burner','LeanMode');
INSERT INTO SUPPLEMENTPLAN_HAS_SUPPLEMENT VALUES ('Energy Blend','ENGN Shred');
INSERT INTO SUPPLEMENTPLAN_HAS_SUPPLEMENT VALUES ('Endurance','Platinum 100% Creatine');
INSERT INTO SUPPLEMENTPLAN_HAS_SUPPLEMENT VALUES ('Protein Heavy','ISO100');
INSERT INTO SUPPLEMENTPLAN_HAS_SUPPLEMENT VALUES ('Fat Burner','AminoLean Energy Formula');
INSERT INTO SUPPLEMENTPLAN_HAS_SUPPLEMENT VALUES ('Endurance','Xtend');
INSERT INTO SUPPLEMENTPLAN_HAS_SUPPLEMENT VALUES ('Protein Heavy','Signature 100% Whey Protein');
INSERT INTO SUPPLEMENTPLAN_HAS_SUPPLEMENT VALUES ('Energy Blend','PRE-KAGED');
INSERT INTO SUPPLEMENTPLAN_HAS_SUPPLEMENT VALUES ('Endurance','Opti-Men');
INSERT INTO SUPPLEMENTPLAN_HAS_SUPPLEMENT VALUES ('Endurance','Post JYM Active Matrix');
INSERT INTO SUPPLEMENTPLAN_HAS_SUPPLEMENT VALUES ('Energy Blend','C4 Original');
INSERT INTO SUPPLEMENTPLAN_HAS_SUPPLEMENT VALUES ('Endurance','EVL TEST');
INSERT INTO SUPPLEMENTPLAN_HAS_SUPPLEMENT VALUES ('Energy Blend','ENGN');
INSERT INTO SUPPLEMENTPLAN_HAS_SUPPLEMENT VALUES ('NCAA Approved','VitaMode');
INSERT INTO SUPPLEMENTPLAN_HAS_SUPPLEMENT VALUES ('Endurance','Creatine Monohydrate');
INSERT INTO SUPPLEMENTPLAN_HAS_SUPPLEMENT VALUES ('Protein Heavy','NITRO-TECH 100% Whey Gold');
INSERT INTO SUPPLEMENTPLAN_HAS_SUPPLEMENT VALUES ('Energy Blend','NeuroCore Pre-Workout');
INSERT INTO SUPPLEMENTPLAN_HAS_SUPPLEMENT VALUES ('NCAA Approved','Platinum Multivitamin');
INSERT INTO SUPPLEMENTPLAN_HAS_SUPPLEMENT VALUES ('Protein Heavy','Syntha-6 Protein Crisp');
INSERT INTO SUPPLEMENTPLAN_HAS_SUPPLEMENT VALUES ('Endurance','Prime-T');
INSERT INTO SUPPLEMENTPLAN_HAS_SUPPLEMENT VALUES ('Energy Blend','TRANS4ORM');
INSERT INTO SUPPLEMENTPLAN_HAS_SUPPLEMENT VALUES ('NCAA Approved','Fish Oil');
INSERT INTO SUPPLEMENTPLAN_HAS_SUPPLEMENT VALUES ('Energy Blend','BCAA Lean Energy');
INSERT INTO SUPPLEMENTPLAN_HAS_SUPPLEMENT VALUES ('Energy Blend','NITRAFLEX');
INSERT INTO SUPPLEMENTPLAN_HAS_SUPPLEMENT VALUES ('Fat Burner','PumpMode');
INSERT INTO SUPPLEMENTPLAN_HAS_SUPPLEMENT VALUES ('Endurance','Animal Pak');
INSERT INTO SUPPLEMENTPLAN_HAS_SUPPLEMENT VALUES ('Fat Burner','QuadraLean Thermogenic');
INSERT INTO SUPPLEMENTPLAN_HAS_SUPPLEMENT VALUES ('Protein Heavy','Serious Mass');
INSERT INTO SUPPLEMENTPLAN_HAS_SUPPLEMENT VALUES ('NCAA Approved','CLA');
INSERT INTO SUPPLEMENTPLAN_HAS_SUPPLEMENT VALUES ('Energy Blend','NITRO-TECH');
INSERT INTO SUPPLEMENTPLAN_HAS_SUPPLEMENT VALUES ('NCAA Approved','Vita JYM');
INSERT INTO SUPPLEMENTPLAN_HAS_SUPPLEMENT VALUES ('Endurance','Micronized Creatine Powder');
INSERT INTO SUPPLEMENTPLAN_HAS_SUPPLEMENT VALUES ('Protein Heavy','Gold Standard 100% Casein');
INSERT INTO SUPPLEMENTPLAN_HAS_SUPPLEMENT VALUES ('Fat Burner','QuadraLean');
INSERT INTO SUPPLEMENTPLAN_HAS_SUPPLEMENT VALUES ('Energy Blend','AMINOx');
INSERT INTO SUPPLEMENTPLAN_HAS_SUPPLEMENT VALUES ('Endurance','Signature Creatine Monohydrate');
INSERT INTO SUPPLEMENTPLAN_HAS_SUPPLEMENT VALUES ('Protein Heavy','Stacked Protein');
INSERT INTO SUPPLEMENTPLAN_HAS_SUPPLEMENT VALUES ('Endurance','Opti-Women');
INSERT INTO SUPPLEMENTPLAN_HAS_SUPPLEMENT VALUES ('Protein Heavy','Combat Crunch Bars');
INSERT INTO SUPPLEMENTPLAN_HAS_SUPPLEMENT VALUES ('NCAA Approved','Glutamine5000');
INSERT INTO SUPPLEMENTPLAN_HAS_SUPPLEMENT VALUES ('Endurance','Creatine 5000');
INSERT INTO SUPPLEMENTPLAN_HAS_SUPPLEMENT VALUES ('NCAA Approved','L-Carnitine');
INSERT SUPPLEMENT VALUES('Gold Standard 100% Whey','Protein','After Workout','Mix with water and drink');
INSERT SUPPLEMENT VALUES('BCAA Energy','Energy Blend','Before of After Workout','Mix with water and drink');
INSERT SUPPLEMENT VALUES('Essential AmiN.O. Energy','Energy Blend','Before of After Workout','Mix with water and drink');
INSERT SUPPLEMENT VALUES('Pre JYM','Pre-lift','Before Workout','Mix with water and drink');
INSERT SUPPLEMENT VALUES('Syntha-6','Protein','After Workout','Mix with water and drink');
INSERT SUPPLEMENT VALUES('Pro JYM','Pre-lift','Before Workout','Mix with water and drink');
INSERT SUPPLEMENT VALUES('BCAA 5000','Energy Blend','Before or After Workout','Mix with Water and Drink');
INSERT SUPPLEMENT VALUES('LeanMode','Fat Burner','Morning','Take pills with food');
INSERT SUPPLEMENT VALUES('ENGN Shred','Pre-lift','Before Workout','Mix with water and Drink');
INSERT SUPPLEMENT VALUES('Platinum 100% Creatine','Creatine','Before Workout','Mix with water and drink');
INSERT SUPPLEMENT VALUES('ISO100','Protein','Before Bed','Mix with water and drink');
INSERT SUPPLEMENT VALUES('AminoLean Energy Formula','Fat Burner','Morning','take pills with food');
INSERT SUPPLEMENT VALUES('Xtend','Endurance','before workout','mix with water and drink');
INSERT SUPPLEMENT VALUES('Signature 100% Whey Protein','Protein','After Workout','Mix with water and drink');
INSERT SUPPLEMENT VALUES('PRE-KAGED','Pre-lift','before workout','mix with water and drink');
INSERT SUPPLEMENT VALUES('Opti-Men','Endurance','morning','take pills with food');
INSERT SUPPLEMENT VALUES('Post JYM Active Matrix','Endurance','before workout','mix with water and drink');
INSERT SUPPLEMENT VALUES('C4 Original','Pre-lift','Before workout','mix with water and drink');
INSERT SUPPLEMENT VALUES('EVL TEST','Endurance','Morning','take pills with food');
INSERT SUPPLEMENT VALUES('ENGN','Energy Blend','before workout','mix with water and drink');
INSERT SUPPLEMENT VALUES('VitaMode','NCAA Approved','morning','take pills with food');
INSERT SUPPLEMENT VALUES('Creatine Monohydrate','Creatine','Before Workout','mix with water and drink');
INSERT SUPPLEMENT VALUES('NITRO-TECH 100% Whey Gold','Protein','After Workout','mix with water and drink');
INSERT SUPPLEMENT VALUES('NeuroCore Pre-Workout','Pre-lift','before workout','mix with water and drink');
INSERT SUPPLEMENT VALUES('Platinum Multivitamin','NCAA Approved','morning','take pill with food');
INSERT SUPPLEMENT VALUES('Syntha-6 Protein Crisp','Protein','After workout','Eat');
INSERT SUPPLEMENT VALUES('Prime-T','Endurance','morning','Take pills with food');
INSERT SUPPLEMENT VALUES('TRANS4ORM','Energy Blend','before workout','mix with water and drink');
INSERT SUPPLEMENT VALUES('Fish Oil','NCAA Approved','morning','take pills with food');
INSERT SUPPLEMENT VALUES('BCAA Lean Energy','Energy Blend','before workout','mix with water and drink');
INSERT SUPPLEMENT VALUES('NITRAFLEX','Pre-lift','before workout','mix with water and drink');
INSERT SUPPLEMENT VALUES('PumpMode','Fat Burner','before workout','mix with water and drink');
INSERT SUPPLEMENT VALUES('Animal Pak','Endurance','morning','take pills with food');
INSERT SUPPLEMENT VALUES('QuadraLean Thermogenic','Fat Burner','before workout','take pills with food');
INSERT SUPPLEMENT VALUES('Serious Mass','Protein','after workout','mix with water and drink');
INSERT SUPPLEMENT VALUES('CLA','NCAA Approved','after workout','take pills with food');
INSERT SUPPLEMENT VALUES('NITRO-TECH','Energy Blend','before workout','mix with water and drink');
INSERT SUPPLEMENT VALUES('Vita JYM','NCAA Approved','morning','take pills with food');
INSERT SUPPLEMENT VALUES('Micronized Creatine Powder','Creatine','before workout','mix with water and drink');
INSERT SUPPLEMENT VALUES('Gold Standard 100% Casein','Protein','before bed','mix with water and drink');
INSERT SUPPLEMENT VALUES('QuadraLean','Fat Burner','before workout','mix with water and drink');
INSERT SUPPLEMENT VALUES('AMINOx','Energy Blend','before workout','mix with water and drink');
INSERT SUPPLEMENT VALUES('Signature Creatine Monohydrate','Creatine','before workout','mix with water and drink');
INSERT SUPPLEMENT VALUES('Stacked Protein','Protein','after workout','mix with water and drink');
INSERT SUPPLEMENT VALUES('Opti-Women','Endurance','before workout','mix with water and drink');
INSERT SUPPLEMENT VALUES('Combat Crunch Bars','Protein','anytime','Eat');
INSERT SUPPLEMENT VALUES('Glutamine5000','NCAA Approved','After workout','mix with water and drink');
INSERT SUPPLEMENT VALUES('Creatine 5000','Creatine','before workout','mix with water and drink');
INSERT SUPPLEMENT VALUES('L-Carnitine','NCAA Approved','anytime','mix with water and drink');


